name,id
siteSR_Landsat4_DSWE1_2025-06-06.feather,12RZOFg9DnZj6EtC1oMMOKfyB0ku5Imh0
siteSR_Landsat5_DSWE1_2025-06-06.feather,1LX78Fq3D_c68mIBjxLXwQqP5uznhHVG3
siteSR_Landsat7_DSWE1_2025-06-06.feather,1j52Am__PVPXZMH3wLU31uJrHdf5X_lRK
siteSR_Landsat8_DSWE1_2025-06-06.feather,1okBlSKq2Cb-P4DV8HmIBM9Ch4UCKmZee
siteSR_Landsat9_DSWE1_2025-06-06.feather,1bZ0opNknLpz5zY0fAmbVhsfaL8oMF4SW
siteSR_Landsat4_DSWE1a_2025-06-06.feather,1SgC7iLOt7UqRFyoJ0uF4S2ahUVY2Pdbj
siteSR_Landsat5_DSWE1a_2025-06-06.feather,1ABzIdaRa_4JX0YQEP2vxBFrKM96zuCkq
siteSR_Landsat7_DSWE1a_2025-06-06.feather,116e1HaHQzUAG8sXIKZcbkipVqKJgrTua
siteSR_Landsat8_DSWE1a_2025-06-06.feather,1xG315N1AXuGR8D2esMpUYiV0InXfbJn1
siteSR_Landsat9_DSWE1a_2025-06-06.feather,18xxm3xI6d4oj5oEbMgr444HB582CrLoy
